Water,Yeti,Abominable Snowman
Mud,Venus,Adam
Continent,Swamp,Africa
Cold,Engine,Air Conditioner
Battleship,Battleship,Aircraft Carrier
Steampunk Pirate,Wind,Airship
Philosopher,Fire,Alchemist
Batman,Wisdom,Alfred
Lava Lamp,Lunar,Alien
Pollen,Surf,Allergy
Hawaii,Leaf,Aloha
Wolf,Wolf Pack,Alpha
Jungle,River,Amazon
Cologne,Fossil,Amber
Rainbow,Continent,America
Fossil,Roll,Ammonite
Software,Planet,Android
Incense,Prayer,Angel
Earth,Zoo,Animal
Zoo,Disney,Animal Kingdom
Japan,America,Anime
Birthday,Marriage,Anniversary
Continent,Ice,Antarctica
Vintage,Time,Antique
Monkey,Monkey,Ape
God,Nuke,Apocalypse
Flag,Moon,Apollo
Fruit,Adam,Apple
Apple,Rain,Apple Juice
Fruit Tree,America,Apple Pie
Number,Land,Area
Country,Messi,Argentina
Whale,Vase,Ariel
People,Gun,Army
Terminator,Weed,Arnold Schwarzenegger
Stalker,Fire,Arsonist
Drawing,Mountain,Art
Technology,Art,Artificial Intelligence
Ash,Continent,Asia
Fire,Tree,Ash
King,Gun,Assassin
Sadness,Religion,Atheism
Atheism,Human,Atheist
Island,Ocean,Atlantis
Titan,Earth,Atlas
Continent,Surf,Australia
Wind,Mountain,Avalanche
Family,Human,Baby
Dinosaur,Egg,Baby Dinosaur
Lovebird,Lovebird,Baby Lovebird
Polar Bear,Polar Bear,Baby Polar Bear
Pig,Fire,Bacon
Volcano,Bacon,Baconator
Bacon,Unicorn,Baconcorn
Baconcorn,T-Rex,Baconasaurus
Baconasaurus,Baconasaurus,Baconasaurus Rex
Baconasaurus,Zeus,Bacon Zeus
Wind,Wine,Balloon
Banana,Ship,Banana Boat
Banana,Banana,Banana Split
Titanic,Money,Bankrupt
Drunk,Money,Bar
Dinosaur,Obama,Barackasaurus
Fire,Pork,Barbecue
Black,Vampire,Bat
Bat,Bat,Batman
War,War,Battle
Tank,Ship,Battleship
Cubs,Cubs,Bear
Hair,Hair,Beard
Beauty,King Kong,Beauty and the Beast
Honeycomb,Honeycomb,Beehive
Peach,Rum,Bellini
Viking,Monster,Berserker
Friend,Friend,Best Friend
Time,Universe,Big Bang
Golem,Loch Ness Monster,Bigfoot
Cyborg,Weed,Bionic Bud
Kite,Flying,Bird
Cake,Cake,Birthday Cake
Cryptocurrency,Crown,Bitcoin
Galaxy,Galaxy,Black Hole
Pirate Ship,Time Travel,Blackbear
Snow,Wind,Blizzard
Water,Tractor,Boat
Swamp,Swamp,Bog
Explosion,Energy,Bomb
Japan,Tree,Bonsai
Paper,Paper,Book
Book,Book,Bookshelf
Wine,Future,Bottle
Stone,Stone,Boulder
Garden,Flower,Bouquet
Pandora,Beauty,Box
Mario,Napoleon Complex,Bowser
Bowser,Baby,Bowser Jr.
South America,Continent,Brazil
Wheat,Food,Bread
Bread,Star,Breadstick
Egg,Bacon,Breakfast
Coin,Sweet Talk,Bribe
Clay,Clay,Brick
Wedding,Beauty,Bride
Cowboy,Best Friend,Bro
Heart,Heartbreak,Broken Heart
Mud,Chocolate,Brownies
Batman,Alcohol,Bruce Wayne
Tree,Wisdom,Buddha
Mickey Mouse,Hare,Bugs Bunny
Construction,Construction,Building
Glass,Train,Bullet
House,Nuke,Bunker
Fire,Letter,Burn
Weed,Weed,Bush
Skyscraper,Human,Businessman
Toast,Fire,Burnt Toast
Toast,Oil,Butter
Lightsaber,Robot,C-3PO
Desert,Plant,Cactus
Butter,Egg,Cake
Sun,Year,Calendar
Country,Angkor Wat,Cambodia
Camel,Dinosaur,Camelot
Fire,Ship,Cannon
Fire,Cannon,Cannonball
Africa,Atlantic Ocean,Cape Verde
Pirate,Pirate Ship,Captain
Pirate,Dragon,Captain Hook
Pirate,Pina Colada,Captain Morgan
Engine,Plant,Car
Venus Flytrap,Plant,Carnivorous Plant
Bugs Bunny,Weapon,Carrot
Vegas,Shark,Casino
House,War,Castle
YouTube,Cat,Cat Video
Religion,Mario,Catholic
House,Pot,Cauldron
Bear,Earth,Cave
Grave,Grave,Cemetary
Human,Horse,Centaur
New York,Tree,Central Park
Pottery,Cauldron,Ceramic
Fire,Walkman,CD
Obama,Hope,Change
Universe,Entropy,Chaos
Moon,Mud,Cheese
Leopard,Leopard,Cheetah
Egg,Omelete,Chef
Pirate,Treasure,Chest
Egg,Fire Flower,Chicken
Chicken Parmesan,Lemonade,Chicken Parm Lemonade
Chicken,Cheese,Chicken Parmesan
Baby,Baby,Child
Minotaur,Centaur,Chimera
Monkey,Peanut Butter,Chimpanzee
Chinese,Island,China
Asia,Human,Chinese
Mud,Rainforest,Chocolate
Tree,Star,Christmas
Pine,Battery,Christmas Tree
Serial Killer,Vomit,Chuck Norris
God,House,Church
Apple,Water,Cider
Ash,Dust,Cinder
Town,Town,City
Mud,Mud,Clay
Dust,Weed,Clean
King Arthur,Egypt,Cleopatra
Computer,Time,Clock
Wind,Steam,Cloud
Cloud,Venus Flytrap,Cloud Trap
Chocolate,Soil,Cocoa
Palm,Tree,Coconut
Coconut,Coconut,Coconut Tree
Mud,Metal,Coin
Fog,Sneeze,Cold
Alcohol,Perfume,Cologne
System,Fire,Computer
Book,Chinese,Confucius
Video,Game,Console
Brick,Crane,Construction
Island,Island,Continent
Animal,Fire,Cooked
Animal,Oven,Cookie
Dragon,Cookie,Cookie Monster
Cookie,Milkshake,Cookie Shake
Seed,Ocean,Coral
Coral,Venus Flytrap,Coral Reef
Universe,Galaxy,Cosmos
Pencil,Sick,Cough
Cough,Alcohol,Cough Syrup
Vampire,Weed,Count
Number,Count,Counting
Count,TV,Countdown
City,Continent,Country
Jetski,Tumbleweed,Cowboy
Swamp,Bird,Crane
Plane,Fire,Crash
Swamp,Tank,Crocodile
Crocodile,YouTube,Crocodile Hunter
Crocodile,Pig,Crocopig
Field,Fire,Crop
Boat,Honeymoon,Cruise
Bible,Battle,Crusade
Knight,Paladin,Crusader
Broken Heart,Tearjerker,Crying
Tomb,Grave,Crypt
Crypt,Hacker,Cryptocurrency
Loch Ness Monster,Bigfoot,Cryptozoology
Kraken,Monster,Cthulhu
Lion,Lioness,Cubs
Teddy Bear,Cheetah,Cuddly
Vase,Pegasus,Cupid
Mummy,Pot,Curse
Cryptocurrency,Curse,Cursed Coin
Computer,Android,Cyborg
Planet,Tornado,Cyclone
Party,Music,Dance
Plant,Wind,Dandelion
Dandelion,Dandelion,Dandelion Patch
Light Saber,Dragon,Darth Vader
Monkey,Philosopher,Darwin
Gun,Everything,Dead
Life,Vampire,Death
Death,Anime,Death Note
Star Wars,Planet,Death Star
Vomit,Window,Defenestration
Hell,Grudge,Demon
Mosquito,Egg,Dengue
Bacon,Europe,Denmark
Sadness,Sadness,Depression
Sand,Sand,Desert
Tornado,Tsunami,Destruction
Angel,Smoke,Devil
Rainbow,Fossil,Dinosaur
Magic,Park,Disney
Marriage,Love,Divorce
Human,Music,DJ
Sickness,Wisdom,Doctor
Dog,Cookie,Doggie
Dom,Republic,Dominican Republic
Kong,Oil,Donkey
King Kong,Money,Donkey Kong
Donkey Kong,Mario Bros,Donkey Kong Country
Donkey Kong,Donkey Kong,Diddy Kong
Katana,Katana,Double Katana
Wedding,Money,Dowry
Pencil,Earth,Drawing
Vampire,Earth,Dracula
Swamp,Fire,Dragon
Goku,Asia,Dragon Ball
Fight,Anime,Dragon Ball Z
Dragon Ball Z,Time,Dragon Ball Z Kai
Splitting Pains,Dragon,Dragonborn
Dandelion,Dragon,Dragonfly
Plane,Obama,Drone
Love,Rum,Drunk
Dandelion Patch,Lake,Duck
Duck,Water,Duckling
Socrates,Harry Potter,Dumbledore
Wind,Earth,Dust
Dust Storm,Sandstorm,Dust Bowl
Sandstorm,Sandstorm,Dust Storm
Dust Storm,Venus Flytrap,Dust Trap
Dust,Pot,Dustpan
Bird,Gold,Eagle
Planet,Tsunami,Earthquake
Jesus,Time,Easter
Sun,Open,Eclipse
Garden,Lily,Eden
Stone,Pok\u00c3\u00a9mon,Eevee
Dinosaur,Dinosaur,Egg
Planet,Sphinx,Egypt
Skyscraper,Venus,Eiffel Tower
Dragon,Time,Elder
Lightning,Music,Electric Guitar
Windmill,Wind,Electricity
Santa,Gun,Elf
Tesla,Tuxedo,Elon Musk
Windmill,Fire,Energy
Steam,Fire,Engine
Tree,King,Ent
Wind,Volcano,Eruption
New York,House,Empire State Building
Mermaid,Goth,Emo
Baltic,Country,Estonia
Time,Europe,Eternity
Fjord,Continent,Europe
Japan,Europe,Eurovision
Mud,Sword,Excalibur
Adam,Venus,Eve
Mountain Range,Mosquito,Everest
Bacon,Universe,Everything
Theory,Time,Evolution
Fire,Energy,Explosion
Social,Network,Facebook
Magic,Princess,Fairy
Nuke,Water,Fallout
Human,Human,Family
Tractor,Earth,Farm
Flag,Dress,Fashion
Magic,Soil,Fertility
Fart,Number,Fibonacci
Farm,Earth,Field
Battle,War,Fight
Ice Skating,Itchy,Figure Skating
Eurovision,Win,Finland
Phoenix,Volcano,Fire Bird
Fireball,Plant,Fire Flower
Fireman,King,Fire King
Cyclone,Fire,Fire Tornado
Fire,Venus Flytrap,Fire Trap
Firefighter,Firefighter,Fire Truck
Fire King,Marriage,Fire Queen
Fire,Fire Trap,Fireball
Phoenix,Nuke,Firebird
Arsonist,Mirror,Firefighter
Doctor,Arsonist,Fireman
Fire,Bush,Fireplace
Water,Ocean,Fish
Water,Fish,Fishbowl
Fish,Lake,Fishing
Lake,Mountain,Fjord
USA,Fire,Flag
Flag,Flag,Flagpole
Geometry Dash,Wind,Flappy Bird
Flag,Flappy Bird,Flappy Flag
Bird,Bird,Flock
Plant,Rain,Flower
Kite,Wind,Flying
Toaster,Tornado,Flying Bread
Jet,Engine,Flying Car
Wind,Pegasus,Flying Horse
Wind,Mario,Flying Mario
Dust Trap,Venus Flytrap,Flypaper
Water,Smoke,Fog
Farmer,Plant,Food
Stupid,King,Fool
Dust Bowl,Mud,Football
Mountain,Tree,Forest
Paper,Cookie,Fortune
Plant,Stone,Fossil
Napoleon Bonaparte,Land,France
Swamp,Electricity,Frankenstein
America,Rainbow,Freedom
Cold,Metal,Fridge
Like,Facebook,Friend
Fish,Swamp,Frog
Kermit,Cupid,Frog Prince
Frog,Truck,Frogger
Cold,Ice Dragon,Frost Dragon
Sun,Tree,Fruit
Fruit,Fruit,Fruit Tree
Engine,Food,Fuel
Time,History,Future
Vegas,Crocodile,Gambler
Software,Earth,Game
Game,Computer,Gamer
Gamer,Game,Gaming
Love,Earth,Garden
Star,Star,Galaxy
Harry Potter,Coin,Galleon
Minigun,Minigun,Gatling Gun
Judge,Hammer,Gavel
Catholic Church,Rainbow,Gay
Woman,Japan,Geisha
Food,Technology,Genetically Modified Food
Princess,Bottle,Genie
Math,Tree,Geometry
Geometry,Math,Geometry Dash
Berlin ,Dust,Germany
Stone,Steam,Geysir
Grave,Human,Ghost
Book,Wrapper,Gift
House,Cookie,Gingerbread
Best Friend,Love,Girlfriend
Obsidian,Steam,Glass
Flypaper,Fuel,Glue
Universe,Eternity,God
Dinosaur,Japan,Godzilla
Goku,Mountain,Gohan
Dragon Ball Z,Anime,Goku
Metal,Metal,Gold
Fire,Fishbowl,Goldfish
Gold,Gold,Gold Bar
Gold Bar,Gold Bar,Gold Ingot
Swamp,Zombie,Golem
Chef,YouTube,Gordan Ramsay
Black,Passion,Goth
Batman,Castle,Gotham
Tomb,Love,Grave
Cemetary,Cemetary,Graveyard
Longsword,Longsword,Greatsword
Death,Death,Grim Reaper
Grumpy,Revenge,Grudge
Sourpuss,Snake,Grumpy
Weapon,Destruction,Gun
Internet,Computer,Hacker
Rapunzel,Tangled,Hair
Thor,Weapon,Hammer
Alcohol,Fog,Hangover
Hangover,Itchy,Hangry
Hangover,Wish,Hangwish
Flag,Russia,Hammer and Sickle
Shark,Pork,Hammerhead
Morning,Mouse,Hamster
Hungover,Animal,Hangry
Marriage,Garden,Happily Ever After
Bunny,Smile,Happiness
Rabbit,Smile,Hare
Angel,Music,Harp
Owl,Pegasus,Harry Potter
Harry Potter,Heat Death of the Universe,Harry Potter and the Heat Death of the Universe
Android,J-pop,Hatsune Miku
Island,Volcano,Hawaii
Napoleon Complex,Hawaii,Hawaii Five-O
Cupid,Cupid,Heart
Death,Love,Heartbreak
Harry Potter,Hamster,Hedwig
Hydra,Zeus,Hercules
Zero,Jesus,Hero
Curse,Curse,Hex
Hex,Hex,Hexagon
Bear,Cave,Hibernation
Sea,Flying Horse,Hippocampus
New York,Cool,Hipster
Relic,Time,History
Bee,Bee,Hive
Black Hole,Earth,Hole
Water,Wine,Holy Water
Simpson,Family,Homer
Bee,Star,Honey
Honey,Prison,Honeycomb
YouTube,Hot Sauce,Hot Ones
Cold,Geyser,Hot Spring
Time,Tornado,Hourglass
Wall,Brick,House
Rebirth,Zombie,Human
Adam,Eve,Human
Bird,Bee,Hummingbird
Dragon,Monster,Hydra
Snow,Water,Ice
Popsicle,Popsicle,Ice Cream
Ice Cream,Ice Cream,Ice Cream Cone
Cold,Dragon,Ice Dragon
Titan,Water,Iceberg
Fjord,Volcano,Iceland
Island,Ice,Igloo
Plant,Smoke,Incense
Zero,8,Infinity
Computer,Electricity,Internet
Walkman,Music,IPod
Country,Caspian Sea,Iran
Potato,Country,Ireland
Rust,Rust,Iron
Pizza,Country,Italy
Ocean,Earth,Island
Titanic,Ariel,Jack
Jack,Igloo,Jack Frost
Sunflower,Pirate,Jack Sparrow
Prison,Prisoner,Jail
Jail,Bomb,Jail Break
Bird,Prison,Jailbird
Jack,Tux,James Bond
Continent,Tea,Japan
Japan,Electric Guitar,J-pop
Star Wars,Lightsaber,Jedi
Lightsaber,Pig,Jedi Pig
Peanut Butter,Park,Jelly
Jelly,Island,Jellyfish
Church,Son,Jesus
Plane,Plane,Jet
Jesus,Zeus,Jezus
Smile,Happiness,Joy
Bribe,Coin,Judge
Rainforest,Rainforest,Jungle
Judge,Sword,Justice
Mirror,Mirror,Kaleidoscope
Goku,Water,Kamehameha
Rapper,Church,Kanye West
Punishment,Rat,Karma
Plant,Seaweed,Kelp
Miss Piggy,Fight,Kermit
Amazon,Computer,Kindle
Palace,Stupid,King
Camelot,Graveyard,King Arthur
Godzilla,Dinosaur,King Kong
Chocolate,Japan,KitKat
China,Wind,Kite
Robot,Paladin,Knight
Lightsaber,Car,Knight Rider
Owl,Unicorn,Knowledge
Sea Serpent,Pirate,Kraken
Goku,Chinese,Kung Fu
Water,Water,Lake
Earth,Avalanche,Landslide
Lightning,Bullet,Laser
Fire,Earth,Lava
Lava,Lamp,Lava Lamp
Loch Ness Monster,Volcano,Lava Monster
Human,Divorce,Lawyer
Wind,Tree,Leaf
Riot,Software,League of Legends
Cedar,Country,Lebanon
Star Wars,Brick,Lego
Fruit,Fossil,Lemon
Lemon,Lemon,Lemonade
Fire,Glass,Lens
Lion,Tiger,Leopard
Leopard,Teddy Bear,Leopard Bear
Pot of Gold,Warrior,Leprechaun
Pride Month,Girl,Lesbian
Mailbox,Mail,Letter
Crocodile,Megalodon,Leviathan
Bookshelf,Bookshelf,Library
Venus,Steam,Life
Lake,Stone,Lighthouse
Fire,Cloud,Lightning
Laser,Sword,Lightsaber
Facebook,Meme,Like
Flower,Water,Lily
Mario,Longsword,Link
Zebra,Fire,Lion
Lion,Love,Lioness
Swamp,Island,Loch Ness
Swamp,Monster,Loch Ness Monster
Sword,Sword,Longsword
Lily,Flower,Lotus
Mermaid,Prince,Love
Parrot,Cupid,Lovebird
Mario,Human,Luigi
One Piece,Monkey,Luffy
Moon,Lily,Lunar
Woman,Lunch,Lunch Lady
Gun,Cannon,Machine Gun
Computer,Football,Madden
New York,Family,Mafia
Wizard,Witch,Magic
Postman,Postman,Mailbox
Adam,Earth,Man
Book,Japan,Manga
Tree,Swamp,Mangrove
Donkey Kong,Screen,Mario
Super Mario,Luigi,Mario Bros
Mario,Yoshi,Mario Kart
Mario Kart,Money,Mario Kart 8 Deluxe
Wedding,Love,Marriage
Planet,Chocolate,Mars
Tree,Number,Math
Human,Number,Mathematician
Mirror,Stone,Medusa
Shark,North America,Megalodon
Mold,Internet,Meme
Donkey,Sea,Mermaid
Soccer,Dust,Messi
Rock,Oxygen,Metal
Planet,Rock,Meteor
Meteor,Rock,Meteorite
Music,Clock,Metronome
Desert,North America,Mexico
Country,Micro,Micronesia
Lens,Swamp,Microscope
Toilet,Cow,Milk
Solar System,Fjord,Milky Way
Iron,Mountain,Mine
Machine Gun,Gun,Minigun
Mickey Mouse,Mickey Mouse,Minnie Mouse
Centaur,Animal,Minotaur
Desert,Ocean,Mirage
Glass,Obsidian,Mirror
Pig,Beauty,Miss Piggy
Countdown,Drone,Missile
Swamp,Wind,Mist
Woman,Mafia,Mistress
Virus,Rain,Mold
Treasure,Time,Money
Jungle,Dust,Monkey
Monkey,Wrench,Monkey Wrench
Loch Ness,Wind,Monster
Tractor,Swamp,Monster Truck
Earth,Reflection,Moon
Moon,Meteorite,Moon Rock
Moon,Stone,Moonstone
Hangover,Night,Morning
Swamp,Bee,Mosquito
Woman,Terror,Mother-in-law
Earth,Earth,Mountain
Garden,Cheese,Mouse
Popcorn,Love,Movie
Santa,Bride,Mrs. Claus
Steam,Earth,Mud
Dust Bowl,Mud,Mud Bowl
Mud,Crocopig,Muddy Pig
Mud,Pizza,Mudza
Donkey,Farm,Mule
Universe,Universe,Multiverse
Human,Dust,Mummy
Rock,Roll,Music
Beard,Beard,Mustache
Europe,Time Machine,Napoleon
Napoleon Dynamite,Star,Napoleon Bonaparte
Napoleon Bonaparte,Paradox,Napoleon Complex
Big Bang,Napoleon,Napoleon Dynamite
Fish,Unicorn,Narhwal
Anime,Ninja,Naruto
Asia,Mount Everest,Nepal
Loch Ness Monster,Smoke,Nessie
Cinema,YouTube,Netflix
Windmill,Country,Netherlands
Internet,System,Network
State of Liberty,House,New York
Rugby,Country,New Zealand
Apple,Karma,Newton
Moon,Flower,Night
River,Reef,Nile
China,Warrior,Ninja
Continent,America,North America
Nuclear,Country,North Korea
Fjord,Country,Norway
TV,Nuke,Nuclear
Missile,Death,Nuke
Count,Count,Number
Squirrel,Sun,Nut
Desert,Water,Oasis
Politician,Hawaii,Obama
Stone,Lava,Obsidian
Water,Lake,Ocean
Music,Number,Octave
God,Divorce,Odin
Odyssey,Homer,Odysseus
Odysseus,T-Rex,Odysseus Rex
Homer,Book,Odyssey
Oedipus Rex,Tragedy,Oedipus
Odysseus Rex,Tragedy,Oedipus Rex
Pig,Mirror,Oink
Zeus,Mountain,Olympus
Alpha,War,Omega
Pancake,Egg,Omelet
Pirate,Anime,One Piece
Window,Perfume,Open
Snake,Cookie,Oreo
Mickey Mouse,Rabbit,Oswald the Lucky Rabbit
Oswald the Lucky Rabbit,Weapon,Oswald the Lucky Rabbit With a Gun
Anime,Computer,Otaku
Fireplace,Stone,Oven
Bird,Flashlight,Owl
Owl,Fish,Owlfish
Violin,YouTube,Paganini
House,Oasis,Palace
Palm,Spell,Paladin
Desert,Tree,Palm
Palm,Everything,Palm Tree
Breakfast,Cake,Pancake
Black,Pig,Panda
Panda,Beauty,Pandora
Panda,Pig,Pandapig
Continent,Continent,Pangaea
Stalker,Movie,Paparazzi
Tree,Wood,Paper
Multiverse,Time Travel,Paradox
Garden,Garden,Park
Bird,Garden,Parrot
Best Friend,Music,Party
Love,Fire,Passion
Flag,Yin Yang,Peace
Mario,Princess,Peach
Unicorn,Wind,Pegasus
Land,POp,People
Ash,Tree,Pencil
Antartica,Island,Penguin
Incense,Water,Perfume
Country,Machu Picchu,Peru
Baconator,Quaqmire,Peter Griffin
Captain Hook,Fire,Peter Pan
Squirrel,Wisdom,Philosopher
Wisdom,Music,Philosophy
Bird,Fire,Phoenix
Newspapwer,Number,Phone
Girlfriend,Number,Phone Number
Plane,Pokemon,Pidgeot
Infinity,Number,Pi
Apple,America,Pie
Apple Pie,Fight,Pie Fight
Rainbow,Mud,Pig
Pig,Pig,Piglet
Mud,Pig,Pigpen
Pok\u00c3\u00a9mon,Anime,Pikachu
Pikachu,Sushi,Pikasushi
Plane,Human,Pilot
Alcohol,Pineapple,Pina Colada
Smell,Forest,Pine
Hawaii,Plant,Pineapple
Goldfish,Swamp,Piranha
Flag,Venus Flytrap,Piranha Plant
Ship,Dragon,Pirate
Lemonade,Lemonade,Pitcher of Lemonade
New York,Food,Pizza
Bird,Flying,Plane
Earth,Dust,Planet
Water,Earth,Plant
Man,Rabbit,Playboy
Napoleon Complex,Planet,Pluto
Bird,Song,Poem
Anime,Fish,Pok\u00c3\u00a9mon
Bankrupt,Businessman,Politician
Dust,Plant,Pollen
Parrot,Fireman,Polly
Tornado,Polly,Pollywag
Fire,Balloon,Pop
Butter,Toast,Popcorn
Catholic,Rich,Pope
Jelly,Ice,Popsicle
Pig,Pie,Pork Pie
Water,Village,Port
Owl,Harry Potter,Postman
Vase,Vase,Pot
Rainbow,Treasure,Pot of Gold
Clay,House,Pottery
Incense,Smoke,Prayer
Prayer,Water,Prayer Water
Tinkerbell,Fertility,Pregnant
Gift,Gift,Present
Lion,Lion,Pride
Pride,Calendar,Pride Month
Frog,Cupid,Prince
Mule,Beauty,Princess
Night,Sentence,Prison
Squirrel,Prison,Prisoner
Prison,Tsunami,Prison Break
Cake,Jail,Prison Cake
Titan,Fire,Prometheus
Hymn,Number,Psalm
Sicko,Love,Psychopath
Pterodactyl,Pterodactyl,Pteranodon
Bird,Dinosaur,Pterodactyl
Swamp,Mud,Quagmire
Princess,Crown,Queen
Cloud Trap,Mud,Quicksand
Animal,Dandelion,Rabbit
Chariot,Driver,Race
Car,Engine,Racecar
Toxic,Number,Radiation
Microscope,Wave,Radio
Radio,Radio,Radio Tower
Radio Tower,Water,Radio Waves
Cloud,Earth,Rain
Rain,Fire,Rainbow
Rainbow,Polar Bear,Rainbow Bear
Rain,Forest,Rainforest
Mud,Car,Rally
Captain,Machine Gun,Rambo
Rapper,Music,Rap
Human,DJ,Rapper
Princess,Ruin,Rapunzel
Subway,City,Rat
Politician,Depression,Recession
Coral,Coral,Reef
Mirror,Ghost,Reflection
Einstein,Theory,Relativity
Antique,Time,Relic
Firefighter,Time,Retirement
Sandwich,Karma,Revenge
Rally,Fire,Riot
Flag,Japan,Rising Sun
Fortnite,Program,Roblox
Sushi,Seaweed,Roll
Mars,Number,Roman
Samurai,Ninja,Ronin
Flower,Beauty,Rose
Gambler,Casino,Roulette
Rain,Sandcastle,Ruin
Bottle,Pirate,Rum
Car,Ash,Rust
Crying,Broken Heart,Sadness
Zoo,Zoo,Safari
Philosopher,Wisdom,Sage
Wind,Ship,Sail
Anime,Frankenstein,Sailor Moon
Christmas,Elder,Santa
Ninja,Sword,Sasuke
Goku,Flower,Saiyan
Japan,Warrior,Samurai
Dust,Dust,Sand
Desert,Software,Sandbox
Beach,Sand,Sandcastle
Desert,Storm,Sandstorm
Christmas,Cookie,Santa
Mummy,Mummy,Sarcophagus
Sushi,Rain,Sashimi
Bigfoot,Swamp,Sasquatch
Earth,Radio Waves,Satellite
Justice,Stones,Scales
Hourglass,Microscope,Science
Game,Number,Score
Jack,Itchy,Scratch
Computer,Glass,Screen
Meteor,Seahorse,Seadragon
Water,Monster,Sea Monster
Water,Dragon,Sea Serpent
Fish,Plant,Seaweed
Word,Word,Sentence
Volleyball,Country,Serbia
Stalker,Psychopath,Serial Killer
Computer,Computer,Server
Surfer,Sea,Shark
Shark,Oil,Shark Tank
Water,Island,Ship
Happily Ever After,Swamp,Shrek
Dengue,Vacation,Sick
Divorce,Sick,Sickness
Movie,Sick,Sicko
Werewolf,Gun,Silver Bullet
Family,Anime,Simpson
Lion,Country,Singapore
Mermaid,Bacon,Siren
Mosquito,Seaweed,Skeeter
Empire State Building,House,Skyscraper
Weapon,Stone,Slingshot
Jelly,Snow,Slushie
Perfume,Steam,Smell
Sun,Mushroom,Smile
Wind,Fire,Smoke
Cigarette,Smoke,Smoker
Allergy,Wind,Sneeze
Gun,Telescope,Sniper
Avalanche,Steam,Snow
Rain,Yeti,Snowman
Football,Football,Soccer
Network,Internet,Social
Wisdom,Squirrel,Socrates
System,Computer,Software
Toaster,Water,Soggy Bread
Earth,Ash,Soil
Sun,Fire,Solar
Solar Wind,Fire,Solar Flare
Sun,Electricity,Solar Panel
Sun,Galaxy,Solar System
Solar System,Wind,Solar Wind
Radio,Music,Song
Fruit,Ice,Sorbet
Lemon,Owl,Sourpuss
Cape Town,Africa,South Africa
North America,Pangaea,South America
Country,South,South Korea
Sand,Europe,Spain
Curse,Hex,Spell
Sand,Kraken,Sphinx
Divorce,Window,Splitting Pains
Area,Number,Square
Kraken,Water,Squid
Squid,Tourist,Squidward
Tree,Mouse,Squirrel
Psychopath,Love,Stalker
Planet,Planet,Star
Star,Lightsaber,Star Wars
Stone,America,Statue
Lighthouse,Boulder,Statue of Liberty
Water,Fire,Steam
Steam,Scales,Steam Engine
Steam Engine,Sphinx,Steam Sphinx
Planet,Steam,Steampunk
Ocean,Steampunk,Steampunk Pirate
Steam,Steampunk Pirate,Steampunk Pirate Ship
Steampunk Pirate,Plant,Steampunk Plant
Steampunk Plant,Smoke,Steampunk Tree
Iron,Iron,Steel
Glue,Technology,Sticky Note
Earth,Lava,Stone
Steampunk Pirate Ship,Stone,Stonehenge
Rain,Wind,Storm
Tiger,Love,Stripes
Donkey,Cupid,Stupid
YouTube,Heart,Subscribe
Steam,Train,Subway
Sushi,Fight,Sumo
Star,Fire,Sun
Sun,Flower,Sunflower
Morning,Mountain,Sunrise
Goku,America,Superman
Planet,Robot,Supernova
Mario,Luigi,Super Mario
Super Mario,Mario Bros,Super Mario Bros
Super Mario Bros,Super Mario Bros,Super Mario Bros 2
Super Mario Bros,Super Mario Bros 2,Super Mario Bros 3
Super Mario Bros,Super Mario Bros 3,Super Mario World
Super Mario Bros,Super Mario World,Super Mario 3D World
Super Mario Bros,Super Mario 3D World,Super Mario 3D World,Bowser\u00e2\u20ac\u2122s Fury
Goku,Dragon Ball Z,Super Saiyan
Steam,Wave,Surf
Surfer,Surfer,Surfboard
Tsunami,Pilot,Surfer
Surfer,Surfboard,Surfing
Mountain,Seaweed,Sushi
Flag,Cool,Swag
Lake,Earth,Swamp
Cool,Europe,Sweden
Chocolate,Politician,Sweet Talk
Broom,Number,Sweep
Country,Mountain,Switzerland
Blade,Blade,Sword
Planet,Solar,System
Terminator,Weapon,T-1000
Death,Dinosaur,T-Rex
T-Rex,Trump,T-Rump
Shrek,Rapunzel,Tangled
Dance,Number,Tango
Ship,Tractor,Tank
Monster Truck,Tank,Tank Truck
Jungle,Book,Tarzan
New York,Car,Taxi
Plant,Steam,Tea
Tea,Earth,Teapot
Tears,Book,Tearjerker
Heartbreak,Human,Tears
Godzilla,Tea,Tea-zilla
Science,Science,Technology
Love,Bear,Teddy Bear
Teddy Bear,Lion,Teddy Lion
Moonstone,Window,Telescope
Storm,Tea,Tempest
Robot,Relic,Terminator
Bomb,Freedom,Terrorist
Car,Electricity,Tesla
Tesla,Tesla,Tesla Tower
Asia,Beach,Thailand
Turkey,Honey,Thanksgiving
Movie,Popcorn,Theater
Einstein,Dust,Theory
Doctor,Devil,Therapist
Odin,Cosmos,Thor
Lightning,Beauty,Thunder
Tiger Lily,Love,Tiger
Earth,Captain Hook,Tiger Lily
Paradox,Time Paradox,Time
Clock,Bomb,Timebomb
Wormhole,Time Travel,Time Machine
Black Hole,Time Travel,Time Paradox
Black Hole,Wormhole,Time Travel
Love,Technology,Tinder
Peter Pan,Earth,Tinkerbell
Kraken,Earth,Titan
Iceberg,Boat,Titanic
Breakfast,Fire,Toast
Robot,Bread,Toaster
Venus Flytrap,Clean,Toilet
Godzilla,Island,Tokyo
Mummy,Earth,Tomb
Earth,Monkey Wrench,Tool
Wind,Wind,Tornado
Troll,Tornado,Tornadroll
Vacation,Statue,Tourist
Village,Village,Town
Mud,Engine,Tractor
Sadness,Book,Tragedy
Steam,Engine,Train
Flag,Robot,Transformer
Engine,Radio,Transistor
Pirate,Earth,Treasure
Map,Pencil,Treasure Map
Earth,Plant,Tree
Tree of Life,Universe,Tree of Knowledge
Tree,Universe,Tree of Life
Ent,Beard,Treebeard
Earth,Monster,Troll
Box,Car,Truck
America,Drunk,Trump
Trump,Cake,Trump Cake
Water,Tornado,Tsunami
Kelp,Dust Storm,Tumbleweed
Bird,Christmas,Turkey (bird)
Country,Istanbul,Turkey (country)
Mummy,Egypt,Tutankhamun
Screen,Screen,TV
Vampire,Love,Twilight
Tea,Tempest,Typhoon
Country,Sunflower,Ukraine
Hades,Hades,Underworld
Europe,Tea,United Kingdom
Godzilla,Rainbow,Unicorn
Galaxy,Black Hole,Universe
America,Sun,USA
Flag,Heart,US Patriot
Planet,Future,Utopia
Pina Colada,Ocean,Vacation
Mirror,Bullet,Vampire
Vampire,YouTube,Vampire Diaries
Pride,Love,Vanity
Mirror,Black,Vantablack
House,Pottery,Vase
Shark,America,Vegas
Goku,Earth,Vegeta
Planet,Fog,Venus
Monster,Flower,Venus Flytrap
Cannabis,War,Vietnam
Land,Fjord,Vikings
Family,Family,Village
Glue,Plant,Vine
Time,Wine,Vintage
Hacker,Internet,Virus
Mountain,Earth,Volcano
Burnt Toast,Sick,Vomit
Trump,Party,Wall
Radio,Transistor,Walkman
China,Japan,War
Warrior,Weapon,Warlock
Amazon,War,Warrior
Sushi,Fire,Wasabi
Water,Wind,Wave
Fire,Tool,Weapon
Wisdom,Storm,Weather
Wine,Castle,Wedding
Iron,Marriage,Wedding Ring
Hacker,Plant,Weed
Werewolf,Lion,Were-lion
Werewolf,Turkey,Were-turkey
Garden,Moon,Werewolf
Crop,Farmer,Wheat
Flag,Snow,White Flag
Hangry,Woman,Wife
Windmill,Windmill,Wind Farm
Engine,Wind,Windmill
Glass,Glass,Window
Wind Farm,Wind Farm,Wind Turbine
Plant,Alcohol,Wine
Owl,Smoke,Wisdom
Genie,Lamp,Wish
Tree,Spell,Witch
Witch,Witch,Witch Hut
Paladin,Witch,Wizard
Wizard,Wizard,Wizard Tower
Animal,Forest,Wolf
Wolf,Wolf,Wolf Pack
Man,Love,Woman
Tree,Forest,Wood
Letter,Letter,Word
Tool,Building,Workshop
Black Hole,Black Home,Wormhole
Chocolate,Paper,Wrapper
Car,Nuke,Wreck
Blizzard,Monster,Yeti
Tree of Life,Titan,Yggdrasil
Phoenix,Dragon,Yin Yang
Star Wars,Chocolate,Yoda
Sumo,Samurai,Yokozuna
Mario,Dinosaur,Yoshi
Yoshi,Yoshi,Yoshi Egg
Geysir,Internet,YouTube
YouTube,Baby,YouTuber
Africa,Victoria Falls,Zambia
Stripes,Stripes,Zebra
Gold,Link,Zelda
Yin Yang,Garden,Zen Garden
Number,Fire,Zero
Titan,Wind,Zeus
Human,Explosion,Zombie
Penguin,Park,Zoo
Zoo,Star,Zookeeper
Number,Jesus,1
1,1,2
2,1,3
Number,Ash,4
Number,4,5
Fire,5,6
Kanye West,Number,7
Number,Mountain,8
High Five,4,9
Number,Monster,10